IR,QD,Remaining_cycles,Discharge_time,Qdlin,Tdlin
0.022039292,1.0979686,2159.0,14.758193333333232,1.0828815,41.78867160669522
